<?xml version="1.0" encoding="UTF-8"?>
<!DOCTYPE hibernate-configuration PUBLIC
	"-//Hibernate/Hibernate Configuration DTD 3.0//EN"
	"http://www.hibernate.org/dtd/hibernate-configuration-3.0.dtd">

<hibernate-configuration>
	<session-factory>

		<property name="hibernate.dialect">
			org.hibernate.dialect.MySQL8Dialect
		</property>

		<property name="hibernate.connection.driver_class">
			com.mysql.jdbc.Driver
		</property>

		<!-- Assume test is the database name -->

		<property name="hibernate.connection.url">
			jdbc:mysql://localhost/InterviewWebsite
		</property>

		<property name="hibernate.connection.username">
			root
		</property>

		<property name="hibernate.connection.password">
			cdac
		</property>
		
		
		<property name = "hbm2ddl.auto">  <!-- automatic table creation property -->
         create
      </property>
      
      <property name = "show_sql">  <!-- show_sql -->
         sql 
      </property>
      
        <property name = "format_sql">  <!-- show_sql -->
         true
      </property>
      

		<!-- List of XML mapping files -->
		<!-- <mapping resource="Employee.hbm.xml" /> -->

	</session-factory>
</hibernate-configuration>